run_id,lot_id,product,route_id,step_seq,step_name,tool_group,tool_id,arrive_time,start_time,end_time,queue_time,process_time,event_type
12efc837300e,Lot_Product_4_127,Product_4,Route_Product_4,99,112_Wet_Etch,WE_FE_108,WE_FE_108#17,26820.0,26823.0,26850.116685889952,3.0,27.116685889950773,PROCESS
12efc837300e,Lot_Product_4_159,Product_4,Route_Product_4,11,011_Wet_Etch,WE_FE_108,WE_FE_108#2,26820.0,26829.0,26855.44810135209,9.0,26.44810135209066,PROCESS
12efc837300e,Lot_Product_3_67,Product_3,Route_Product_3,193,222_Implant,Implant_91,Implant_91#5,26820.0,26833.0,26861.35851680466,13.0,28.358516804660724,PROCESS
12efc837300e,Lot_Product_4_85,Product_4,Route_Product_4,113,126_Implant,Implant_128,Implant_128#2,26820.0,26835.0,26866.588241770256,15.0,31.588241770255642,PROCESS
12efc837300e,Lot_Product_4_159,Product_4,Route_Product_4,12,012_Wet_Etch,WE_FE_83,WE_FE_83#2,26855.44810135209,26856.44810135209,26886.18783359824,1.0,29.739732246151135,PROCESS
12efc837300e,Lot_Product_3_67,Product_3,Route_Product_3,194,223_Wet_Etch,WE_FE_84,WE_FE_84#10,26861.35851680466,26862.35851680466,26887.915100661223,1.0,25.556583856563407,PROCESS
12efc837300e,Lot_Product_4_159,Product_4,Route_Product_4,13,013_Wet_Etch,WE_FE_84,WE_FE_84#4,26886.18783359824,26887.18783359824,26912.994468982375,1.0,25.806635384132008,PROCESS
12efc837300e,Lot_Product_3_162,Product_3,Route_Product_3,137,146_Litho_Met,Litho_REG_FE_64,LithoTrack_FE_115#21,26820.0,26820.0,26937.910988793934,0.0,117.91098879393336,PROCESS
12efc837300e,Lot_Product_3_249,Product_3,Route_Product_3,46,051_Wet_Etch,WE_FE_108,DE_FE_86#123,26820.0,26820.0,26938.98969126044,0.0,118.9896912604429,PROCESS
