run_id,lot_id,product,route_id,step_seq,step_name,tool_group,tool_id,arrive_time,start_time,end_time,queue_time,process_time,event_type
b6061be93b79,Lot_Product_4_127,Product_4,Route_Product_4,99,112_Wet_Etch,WE_FE_108,WE_FE_108#17,26820.0,26823.0,26852.468752939818,3.0,29.46875293981796,PROCESS
b6061be93b79,Lot_Product_4_85,Product_4,Route_Product_4,113,126_Implant,Implant_128,Implant_128#2,26820.0,26821.0,26854.67132903793,1.0,33.67132903792917,PROCESS
b6061be93b79,Lot_Product_4_159,Product_4,Route_Product_4,11,011_Wet_Etch,WE_FE_108,WE_FE_108#2,26820.0,26829.0,26856.229592976,9.0,27.229592976001925,PROCESS
b6061be93b79,Lot_Product_3_67,Product_3,Route_Product_3,193,222_Implant,Implant_91,Implant_91#5,26820.0,26833.0,26859.407330720653,13.0,26.40733072065352,PROCESS
b6061be93b79,Lot_Product_4_159,Product_4,Route_Product_4,12,012_Wet_Etch,WE_FE_83,WE_FE_83#2,26856.229592976,26857.229592976,26883.61348794037,1.0,26.383894964365226,PROCESS
b6061be93b79,Lot_Product_3_67,Product_3,Route_Product_3,194,223_Wet_Etch,WE_FE_84,WE_FE_84#10,26859.407330720653,26860.407330720653,26887.346368216055,1.0,26.939037495401507,PROCESS
b6061be93b79,Lot_Product_4_159,Product_4,Route_Product_4,13,013_Wet_Etch,WE_FE_84,WE_FE_84#4,26883.61348794037,26884.61348794037,26907.785449959138,1.0,23.171962018771907,PROCESS
b6061be93b79,Lot_Product_3_162,Product_3,Route_Product_3,137,146_Litho_Met,Litho_REG_FE_64,LithoTrack_FE_115#21,26820.0,26820.0,26937.910988793934,0.0,117.91098879393336,PROCESS
b6061be93b79,Lot_Product_3_249,Product_3,Route_Product_3,46,051_Wet_Etch,WE_FE_108,DE_FE_86#123,26820.0,26820.0,26938.98969126044,0.0,118.9896912604429,PROCESS
