run_id,lot_id,product,route_id,step_seq,step_name,tool_group,tool_id,arrive_time,start_time,end_time,queue_time,process_time,event_type
2d3d1e93c989,Lot_Product_4_127,Product_4,Route_Product_4,99,112_Wet_Etch,WE_FE_108,WE_FE_108#17,26820.0,26823.0,26853.74117394146,3.0,30.74117394146046,PROCESS
2d3d1e93c989,Lot_Product_4_85,Product_4,Route_Product_4,113,126_Implant,Implant_128,Implant_128#2,26820.0,26821.0,26855.982968940476,1.0,34.98296894047645,PROCESS
2d3d1e93c989,Lot_Product_4_159,Product_4,Route_Product_4,11,011_Wet_Etch,WE_FE_108,WE_FE_108#2,26820.0,26829.0,26858.04963214255,9.0,29.04963214254844,PROCESS
2d3d1e93c989,Lot_Product_3_67,Product_3,Route_Product_3,193,222_Implant,Implant_91,Implant_91#5,26820.0,26833.0,26861.669024585117,13.0,28.66902458511801,PROCESS
2d3d1e93c989,Lot_Product_4_159,Product_4,Route_Product_4,12,012_Wet_Etch,WE_FE_83,WE_FE_83#2,26858.04963214255,26859.04963214255,26885.612368430593,1.0,26.562736288044583,PROCESS
2d3d1e93c989,Lot_Product_3_67,Product_3,Route_Product_3,194,223_Wet_Etch,WE_FE_84,WE_FE_84#10,26861.669024585117,26862.669024585117,26887.202571889182,1.0,24.53354730406268,PROCESS
2d3d1e93c989,Lot_Product_4_159,Product_4,Route_Product_4,13,013_Wet_Etch,WE_FE_84,WE_FE_84#4,26885.612368430593,26886.612368430593,26910.366720370952,1.0,23.754351940357665,PROCESS
2d3d1e93c989,Lot_Product_3_162,Product_3,Route_Product_3,137,146_Litho_Met,Litho_REG_FE_64,LithoTrack_FE_115#21,26820.0,26820.0,26937.910988793934,0.0,117.91098879393336,PROCESS
2d3d1e93c989,Lot_Product_3_249,Product_3,Route_Product_3,46,051_Wet_Etch,WE_FE_108,DE_FE_86#123,26820.0,26820.0,26938.98969126044,0.0,118.9896912604429,PROCESS
