run_id,lot_id,product,route_id,step_seq,step_name,tool_group,tool_id,arrive_time,start_time,end_time,queue_time,process_time,event_type
eaf0a6575e47,Lot_Product_4_127,Product_4,Route_Product_4,99,112_Wet_Etch,WE_FE_108,WE_FE_108#17,26820.0,26823.0,26850.43422454631,3.0,27.434224546308528,PROCESS
eaf0a6575e47,Lot_Product_4_85,Product_4,Route_Product_4,113,126_Implant,Implant_128,Implant_128#2,26820.0,26821.0,26852.9104247038,1.0,31.910424703801837,PROCESS
eaf0a6575e47,Lot_Product_4_159,Product_4,Route_Product_4,11,011_Wet_Etch,WE_FE_108,WE_FE_108#2,26820.0,26829.0,26857.766825111285,9.0,28.7668251112828,PROCESS
eaf0a6575e47,Lot_Product_3_67,Product_3,Route_Product_3,193,222_Implant,Implant_91,Implant_91#5,26820.0,26833.0,26861.902726321532,13.0,28.902726321531453,PROCESS
eaf0a6575e47,Lot_Product_4_159,Product_4,Route_Product_4,12,012_Wet_Etch,WE_FE_83,WE_FE_83#2,26857.766825111285,26858.766825111285,26884.699211559415,1.0,25.932386448130586,PROCESS
eaf0a6575e47,Lot_Product_3_67,Product_3,Route_Product_3,194,223_Wet_Etch,WE_FE_84,WE_FE_84#10,26861.902726321532,26862.902726321532,26886.254591815446,1.0,23.351865493916698,PROCESS
eaf0a6575e47,Lot_Product_4_159,Product_4,Route_Product_4,13,013_Wet_Etch,WE_FE_84,WE_FE_84#4,26884.699211559415,26885.699211559415,26912.11697549741,1.0,26.417763937995673,PROCESS
eaf0a6575e47,Lot_Product_3_162,Product_3,Route_Product_3,137,146_Litho_Met,Litho_REG_FE_64,LithoTrack_FE_115#21,26820.0,26820.0,26937.910988793934,0.0,117.91098879393336,PROCESS
eaf0a6575e47,Lot_Product_3_249,Product_3,Route_Product_3,46,051_Wet_Etch,WE_FE_108,DE_FE_86#123,26820.0,26820.0,26938.98969126044,0.0,118.9896912604429,PROCESS
