run_id,lot_id,product,route_id,step_seq,step_name,tool_group,tool_id,arrive_time,start_time,end_time,queue_time,process_time,event_type
d4d3f8eabcc3,Lot_Product_4_127,Product_4,Route_Product_4,99,112_Wet_Etch,WE_FE_108,WE_FE_108#17,26820.0,26823.0,26852.57127739519,3.0,29.571277395190265,PROCESS
d4d3f8eabcc3,Lot_Product_4_85,Product_4,Route_Product_4,113,126_Implant,Implant_128,Implant_128#2,26820.0,26821.0,26855.847836447232,1.0,34.847836447231145,PROCESS
d4d3f8eabcc3,Lot_Product_4_159,Product_4,Route_Product_4,11,011_Wet_Etch,WE_FE_108,WE_FE_108#2,26820.0,26829.0,26857.6044328398,9.0,28.604432839797525,PROCESS
d4d3f8eabcc3,Lot_Product_3_67,Product_3,Route_Product_3,193,222_Implant,Implant_91,Implant_91#5,26820.0,26833.0,26860.054524975512,13.0,27.054524975512322,PROCESS
d4d3f8eabcc3,Lot_Product_4_159,Product_4,Route_Product_4,12,012_Wet_Etch,WE_FE_83,WE_FE_83#2,26857.6044328398,26858.6044328398,26884.644265147545,1.0,26.03983230774719,PROCESS
d4d3f8eabcc3,Lot_Product_3_67,Product_3,Route_Product_3,194,223_Wet_Etch,WE_FE_84,WE_FE_84#10,26860.054524975512,26861.054524975512,26886.14036850119,1.0,25.085843525676964,PROCESS
d4d3f8eabcc3,Lot_Product_4_159,Product_4,Route_Product_4,13,013_Wet_Etch,WE_FE_84,WE_FE_84#4,26884.644265147545,26885.644265147545,26909.334378911408,1.0,23.69011376386358,PROCESS
d4d3f8eabcc3,Lot_Product_3_162,Product_3,Route_Product_3,137,146_Litho_Met,Litho_REG_FE_64,LithoTrack_FE_115#21,26820.0,26820.0,26937.910988793934,0.0,117.91098879393336,PROCESS
d4d3f8eabcc3,Lot_Product_3_249,Product_3,Route_Product_3,46,051_Wet_Etch,WE_FE_108,DE_FE_86#123,26820.0,26820.0,26938.98969126044,0.0,118.9896912604429,PROCESS
