run_id,lot_id,product,route_id,step_seq,step_name,tool_group,tool_id,arrive_time,start_time,end_time,queue_time,process_time,event_type
a11f64341efb,Lot_Product_4_127,Product_4,Route_Product_4,99,112_Wet_Etch,WE_FE_108,WE_FE_108#17,26820.0,26823.0,26849.681307162828,3.0,26.68130716282748,PROCESS
a11f64341efb,Lot_Product_4_85,Product_4,Route_Product_4,113,126_Implant,Implant_128,Implant_128#2,26820.0,26821.0,26854.88073441208,1.0,33.88073441208019,PROCESS
a11f64341efb,Lot_Product_4_159,Product_4,Route_Product_4,11,011_Wet_Etch,WE_FE_108,WE_FE_108#2,26820.0,26829.0,26857.70491783133,9.0,28.70491783132806,PROCESS
a11f64341efb,Lot_Product_3_67,Product_3,Route_Product_3,193,222_Implant,Implant_91,Implant_91#5,26820.0,26833.0,26861.76408578991,13.0,28.764085789909572,PROCESS
a11f64341efb,Lot_Product_4_159,Product_4,Route_Product_4,12,012_Wet_Etch,WE_FE_83,WE_FE_83#2,26857.70491783133,26858.70491783133,26887.158201462193,1.0,28.453283630863837,PROCESS
a11f64341efb,Lot_Product_3_67,Product_3,Route_Product_3,194,223_Wet_Etch,WE_FE_84,WE_FE_84#10,26861.76408578991,26862.76408578991,26887.754698164335,1.0,24.990612374427002,PROCESS
a11f64341efb,Lot_Product_4_159,Product_4,Route_Product_4,13,013_Wet_Etch,WE_FE_84,WE_FE_84#4,26887.158201462193,26888.158201462193,26915.357340890256,1.0,27.199139428062693,PROCESS
a11f64341efb,Lot_Product_3_162,Product_3,Route_Product_3,137,146_Litho_Met,Litho_REG_FE_64,LithoTrack_FE_115#21,26820.0,26820.0,26937.910988793934,0.0,117.91098879393336,PROCESS
a11f64341efb,Lot_Product_3_249,Product_3,Route_Product_3,46,051_Wet_Etch,WE_FE_108,DE_FE_86#123,26820.0,26820.0,26938.98969126044,0.0,118.9896912604429,PROCESS
