run_id,lot_id,product,route_id,step_seq,step_name,tool_group,tool_id,arrive_time,start_time,end_time,queue_time,process_time,event_type
4409c5310cd3,Lot_Product_4_127,Product_4,Route_Product_4,99,112_Wet_Etch,WE_FE_108,WE_FE_108#17,26820.0,26823.0,26853.546633345388,3.0,30.54663334538911,PROCESS
4409c5310cd3,Lot_Product_4_85,Product_4,Route_Product_4,113,126_Implant,Implant_128,Implant_128#2,26820.0,26821.0,26856.392061505227,1.0,35.39206150522655,PROCESS
4409c5310cd3,Lot_Product_4_159,Product_4,Route_Product_4,11,011_Wet_Etch,WE_FE_108,WE_FE_108#2,26820.0,26829.0,26858.696913029864,9.0,29.696913029863843,PROCESS
4409c5310cd3,Lot_Product_3_67,Product_3,Route_Product_3,193,222_Implant,Implant_91,Implant_91#5,26820.0,26833.0,26860.530051578327,13.0,27.530051578326052,PROCESS
4409c5310cd3,Lot_Product_3_67,Product_3,Route_Product_3,194,223_Wet_Etch,WE_FE_84,WE_FE_84#10,26860.530051578327,26861.530051578327,26886.78858642494,1.0,25.25853484661262,PROCESS
4409c5310cd3,Lot_Product_4_159,Product_4,Route_Product_4,12,012_Wet_Etch,WE_FE_83,WE_FE_83#2,26858.696913029864,26859.696913029864,26887.409624075237,1.0,27.71271104537231,PROCESS
4409c5310cd3,Lot_Product_4_159,Product_4,Route_Product_4,13,013_Wet_Etch,WE_FE_84,WE_FE_84#10,26887.409624075237,26888.409624075237,26915.573668092464,1.0,27.164044017226146,PROCESS
4409c5310cd3,Lot_Product_3_162,Product_3,Route_Product_3,137,146_Litho_Met,Litho_REG_FE_64,LithoTrack_FE_115#21,26820.0,26820.0,26937.910988793934,0.0,117.91098879393336,PROCESS
4409c5310cd3,Lot_Product_3_249,Product_3,Route_Product_3,46,051_Wet_Etch,WE_FE_108,DE_FE_86#123,26820.0,26820.0,26938.98969126044,0.0,118.9896912604429,PROCESS
