run_id,lot_id,product,route_id,step_seq,step_name,tool_group,tool_id,arrive_time,start_time,end_time,queue_time,process_time,event_type
a7c3e353c4e3,Lot_Product_4_127,Product_4,Route_Product_4,99,112_Wet_Etch,WE_FE_108,WE_FE_108#17,26820.0,26823.0,26852.97859590002,3.0,29.978595900017062,PROCESS
a7c3e353c4e3,Lot_Product_4_85,Product_4,Route_Product_4,113,126_Implant,Implant_128,Implant_128#2,26820.0,26821.0,26856.326391491068,1.0,35.32639149106769,PROCESS
a7c3e353c4e3,Lot_Product_4_159,Product_4,Route_Product_4,11,011_Wet_Etch,WE_FE_108,WE_FE_108#2,26820.0,26829.0,26857.984335007768,9.0,28.984335007768756,PROCESS
a7c3e353c4e3,Lot_Product_3_67,Product_3,Route_Product_3,193,222_Implant,Implant_91,Implant_91#5,26820.0,26833.0,26859.393111225625,13.0,26.393111225625937,PROCESS
a7c3e353c4e3,Lot_Product_4_159,Product_4,Route_Product_4,12,012_Wet_Etch,WE_FE_83,WE_FE_83#2,26857.984335007768,26858.984335007768,26885.656795245603,1.0,26.672460237834493,PROCESS
a7c3e353c4e3,Lot_Product_3_67,Product_3,Route_Product_3,194,223_Wet_Etch,WE_FE_84,WE_FE_84#10,26859.393111225625,26860.393111225625,26887.694297763985,1.0,27.301186538360064,PROCESS
a7c3e353c4e3,Lot_Product_4_159,Product_4,Route_Product_4,13,013_Wet_Etch,WE_FE_84,WE_FE_84#4,26885.656795245603,26886.656795245603,26912.019087363704,1.0,25.362292118100314,PROCESS
a7c3e353c4e3,Lot_Product_3_162,Product_3,Route_Product_3,137,146_Litho_Met,Litho_REG_FE_64,LithoTrack_FE_115#21,26820.0,26820.0,26937.910988793934,0.0,117.91098879393336,PROCESS
a7c3e353c4e3,Lot_Product_3_249,Product_3,Route_Product_3,46,051_Wet_Etch,WE_FE_108,DE_FE_86#123,26820.0,26820.0,26938.98969126044,0.0,118.9896912604429,PROCESS
