run_id,lot_id,product,route_id,step_seq,step_name,tool_group,tool_id,arrive_time,start_time,end_time,queue_time,process_time,event_type
92bedc541e04,Lot_Product_4_127,Product_4,Route_Product_4,99,112_Wet_Etch,WE_FE_108,WE_FE_108#17,26820.0,26823.0,26849.573015264195,3.0,26.573015264194233,PROCESS
92bedc541e04,Lot_Product_4_159,Product_4,Route_Product_4,11,011_Wet_Etch,WE_FE_108,WE_FE_108#2,26820.0,26829.0,26854.677062733692,9.0,25.6770627336902,PROCESS
92bedc541e04,Lot_Product_4_85,Product_4,Route_Product_4,113,126_Implant,Implant_128,Implant_128#2,26820.0,26821.0,26856.01833947834,1.0,35.01833947834011,PROCESS
92bedc541e04,Lot_Product_3_67,Product_3,Route_Product_3,193,222_Implant,Implant_91,Implant_91#5,26820.0,26833.0,26858.591328782586,13.0,25.59132878258579,PROCESS
92bedc541e04,Lot_Product_3_67,Product_3,Route_Product_3,194,223_Wet_Etch,WE_FE_84,WE_FE_84#10,26858.591328782586,26859.591328782586,26884.674861383875,1.0,25.083532601289335,PROCESS
92bedc541e04,Lot_Product_4_159,Product_4,Route_Product_4,12,012_Wet_Etch,WE_FE_83,WE_FE_83#2,26854.677062733692,26855.677062733692,26886.152252059986,1.0,30.475189326297176,PROCESS
92bedc541e04,Lot_Product_4_159,Product_4,Route_Product_4,13,013_Wet_Etch,WE_FE_84,WE_FE_84#10,26886.152252059986,26887.152252059986,26911.797666706363,1.0,24.64541464637412,PROCESS
92bedc541e04,Lot_Product_3_162,Product_3,Route_Product_3,137,146_Litho_Met,Litho_REG_FE_64,LithoTrack_FE_115#21,26820.0,26820.0,26937.910988793934,0.0,117.91098879393336,PROCESS
92bedc541e04,Lot_Product_3_249,Product_3,Route_Product_3,46,051_Wet_Etch,WE_FE_108,DE_FE_86#123,26820.0,26820.0,26938.98969126044,0.0,118.9896912604429,PROCESS
