run_id,lot_id,product,route_id,step_seq,step_name,tool_group,tool_id,arrive_time,start_time,end_time,queue_time,process_time,event_type
3d6a95e3b001,Lot_Product_4_127,Product_4,Route_Product_4,99,112_Wet_Etch,WE_FE_108,WE_FE_108#17,26820.0,26823.0,26852.673429957642,3.0,29.673429957640465,PROCESS
3d6a95e3b001,Lot_Product_4_85,Product_4,Route_Product_4,113,126_Implant,Implant_128,Implant_128#2,26820.0,26821.0,26854.019861552784,1.0,33.0198615527839,PROCESS
3d6a95e3b001,Lot_Product_4_159,Product_4,Route_Product_4,11,011_Wet_Etch,WE_FE_108,WE_FE_108#2,26820.0,26829.0,26856.599098896735,9.0,27.59909889673488,PROCESS
3d6a95e3b001,Lot_Product_3_67,Product_3,Route_Product_3,193,222_Implant,Implant_91,Implant_91#5,26820.0,26833.0,26861.407194432555,13.0,28.407194432554384,PROCESS
3d6a95e3b001,Lot_Product_4_159,Product_4,Route_Product_4,12,012_Wet_Etch,WE_FE_83,WE_FE_83#2,26856.599098896735,26857.599098896735,26884.914406431835,1.0,27.315307535101276,PROCESS
3d6a95e3b001,Lot_Product_3_67,Product_3,Route_Product_3,194,223_Wet_Etch,WE_FE_84,WE_FE_84#10,26861.407194432555,26862.407194432555,26889.534759751226,1.0,27.127565318672985,PROCESS
3d6a95e3b001,Lot_Product_4_159,Product_4,Route_Product_4,13,013_Wet_Etch,WE_FE_84,WE_FE_84#4,26884.914406431835,26885.914406431835,26910.190413692217,1.0,24.276007260381505,PROCESS
3d6a95e3b001,Lot_Product_3_162,Product_3,Route_Product_3,137,146_Litho_Met,Litho_REG_FE_64,LithoTrack_FE_115#21,26820.0,26820.0,26937.910988793934,0.0,117.91098879393336,PROCESS
3d6a95e3b001,Lot_Product_3_249,Product_3,Route_Product_3,46,051_Wet_Etch,WE_FE_108,DE_FE_86#123,26820.0,26820.0,26938.98969126044,0.0,118.9896912604429,PROCESS
