run_id,lot_id,product,route_id,step_seq,step_name,tool_group,tool_id,arrive_time,start_time,end_time,queue_time,process_time,event_type
ac1e25152e5f,Lot_Product_4_127,Product_4,Route_Product_4,99,112_Wet_Etch,WE_FE_108,WE_FE_108#17,26820.0,26823.0,26852.59278951226,3.0,29.592789512258932,PROCESS
ac1e25152e5f,Lot_Product_4_159,Product_4,Route_Product_4,11,011_Wet_Etch,WE_FE_108,WE_FE_108#2,26820.0,26829.0,26854.958206952888,9.0,25.9582069528891,PROCESS
ac1e25152e5f,Lot_Product_4_85,Product_4,Route_Product_4,113,126_Implant,Implant_128,Implant_128#2,26820.0,26821.0,26856.221623234098,1.0,35.221623234099525,PROCESS
ac1e25152e5f,Lot_Product_3_67,Product_3,Route_Product_3,193,222_Implant,Implant_91,Implant_91#5,26820.0,26833.0,26858.25649546884,13.0,25.256495468840228,PROCESS
ac1e25152e5f,Lot_Product_4_159,Product_4,Route_Product_4,12,012_Wet_Etch,WE_FE_83,WE_FE_83#2,26854.958206952888,26855.958206952888,26882.836428555634,1.0,26.878221602744347,PROCESS
ac1e25152e5f,Lot_Product_3_67,Product_3,Route_Product_3,194,223_Wet_Etch,WE_FE_84,WE_FE_84#10,26858.25649546884,26859.25649546884,26884.860780723,1.0,25.604285254158057,PROCESS
ac1e25152e5f,Lot_Product_4_159,Product_4,Route_Product_4,13,013_Wet_Etch,WE_FE_84,WE_FE_84#4,26882.836428555634,26883.836428555634,26909.487972521634,1.0,25.651543966001583,PROCESS
ac1e25152e5f,Lot_Product_3_162,Product_3,Route_Product_3,137,146_Litho_Met,Litho_REG_FE_64,LithoTrack_FE_115#21,26820.0,26820.0,26937.910988793934,0.0,117.91098879393336,PROCESS
ac1e25152e5f,Lot_Product_3_249,Product_3,Route_Product_3,46,051_Wet_Etch,WE_FE_108,DE_FE_86#123,26820.0,26820.0,26938.98969126044,0.0,118.9896912604429,PROCESS
