run_id,lot_id,product,route_id,step_seq,step_name,tool_group,tool_id,arrive_time,start_time,end_time,queue_time,process_time,event_type
0a8ced0d5a81,Lot_Product_4_127,Product_4,Route_Product_4,99,112_Wet_Etch,WE_FE_108,WE_FE_108#17,26820.0,26823.0,26849.78904298534,3.0,26.789042985338774,PROCESS
0a8ced0d5a81,Lot_Product_4_85,Product_4,Route_Product_4,113,126_Implant,Implant_128,Implant_128#2,26820.0,26821.0,26855.388331861017,1.0,34.38833186101644,PROCESS
0a8ced0d5a81,Lot_Product_4_159,Product_4,Route_Product_4,11,011_Wet_Etch,WE_FE_108,WE_FE_108#2,26820.0,26829.0,26856.72783036498,9.0,27.727830364979553,PROCESS
0a8ced0d5a81,Lot_Product_3_67,Product_3,Route_Product_3,193,222_Implant,Implant_91,Implant_91#5,26820.0,26833.0,26858.350880747916,13.0,25.3508807479152,PROCESS
0a8ced0d5a81,Lot_Product_3_67,Product_3,Route_Product_3,194,223_Wet_Etch,WE_FE_84,WE_FE_84#10,26858.350880747916,26859.350880747916,26886.04207815733,1.0,26.691197409415707,PROCESS
0a8ced0d5a81,Lot_Product_4_159,Product_4,Route_Product_4,12,012_Wet_Etch,WE_FE_83,WE_FE_83#2,26856.72783036498,26857.72783036498,26888.10061775938,1.0,30.372787394401115,PROCESS
0a8ced0d5a81,Lot_Product_4_159,Product_4,Route_Product_4,13,013_Wet_Etch,WE_FE_84,WE_FE_84#10,26888.10061775938,26889.10061775938,26913.541435934847,1.0,24.440818175466234,PROCESS
0a8ced0d5a81,Lot_Product_3_162,Product_3,Route_Product_3,137,146_Litho_Met,Litho_REG_FE_64,LithoTrack_FE_115#21,26820.0,26820.0,26937.910988793934,0.0,117.91098879393336,PROCESS
0a8ced0d5a81,Lot_Product_3_249,Product_3,Route_Product_3,46,051_Wet_Etch,WE_FE_108,DE_FE_86#123,26820.0,26820.0,26938.98969126044,0.0,118.9896912604429,PROCESS
