run_id,lot_id,product,route_id,step_seq,step_name,tool_group,tool_id,arrive_time,start_time,end_time,queue_time,process_time,event_type
cdcadc616fe9,Lot_Product_4_127,Product_4,Route_Product_4,99,112_Wet_Etch,WE_FE_108,WE_FE_108#17,26820.0,26823.0,26851.21626045808,3.0,28.21626045808092,PROCESS
cdcadc616fe9,Lot_Product_4_85,Product_4,Route_Product_4,113,126_Implant,Implant_128,Implant_128#2,26820.0,26821.0,26853.815960691725,1.0,32.8159606917248,PROCESS
cdcadc616fe9,Lot_Product_4_159,Product_4,Route_Product_4,11,011_Wet_Etch,WE_FE_108,WE_FE_108#2,26820.0,26829.0,26856.47586978633,9.0,27.47586978632979,PROCESS
cdcadc616fe9,Lot_Product_3_67,Product_3,Route_Product_3,193,222_Implant,Implant_91,Implant_91#5,26820.0,26833.0,26858.60485079212,13.0,25.604850792118214,PROCESS
cdcadc616fe9,Lot_Product_3_67,Product_3,Route_Product_3,194,223_Wet_Etch,WE_FE_84,WE_FE_84#10,26858.60485079212,26859.60485079212,26886.695496542223,1.0,27.090645750104358,PROCESS
cdcadc616fe9,Lot_Product_4_159,Product_4,Route_Product_4,12,012_Wet_Etch,WE_FE_83,WE_FE_83#2,26856.47586978633,26857.47586978633,26887.468139644046,1.0,29.992269857717424,PROCESS
cdcadc616fe9,Lot_Product_4_159,Product_4,Route_Product_4,13,013_Wet_Etch,WE_FE_84,WE_FE_84#10,26887.468139644046,26888.468139644046,26913.449973659757,1.0,24.981834015708827,PROCESS
cdcadc616fe9,Lot_Product_3_162,Product_3,Route_Product_3,137,146_Litho_Met,Litho_REG_FE_64,LithoTrack_FE_115#21,26820.0,26820.0,26937.910988793934,0.0,117.91098879393336,PROCESS
cdcadc616fe9,Lot_Product_3_249,Product_3,Route_Product_3,46,051_Wet_Etch,WE_FE_108,DE_FE_86#123,26820.0,26820.0,26938.98969126044,0.0,118.9896912604429,PROCESS
