run_id,lot_id,product,route_id,step_seq,step_name,tool_group,tool_id,arrive_time,start_time,end_time,queue_time,process_time,event_type
83ca5be87dae,Lot_Product_4_127,Product_4,Route_Product_4,99,112_Wet_Etch,WE_FE_108,WE_FE_108#17,26820.0,26823.0,26853.319138314855,3.0,30.319138314853333,PROCESS
83ca5be87dae,Lot_Product_4_159,Product_4,Route_Product_4,11,011_Wet_Etch,WE_FE_108,WE_FE_108#2,26820.0,26829.0,26854.50411627709,9.0,25.504116277090063,PROCESS
83ca5be87dae,Lot_Product_4_85,Product_4,Route_Product_4,113,126_Implant,Implant_128,Implant_128#2,26820.0,26821.0,26854.952455489063,1.0,33.9524554890615,PROCESS
83ca5be87dae,Lot_Product_3_67,Product_3,Route_Product_3,193,222_Implant,Implant_91,Implant_91#5,26820.0,26833.0,26859.82932972136,13.0,26.829329721360878,PROCESS
83ca5be87dae,Lot_Product_4_159,Product_4,Route_Product_4,12,012_Wet_Etch,WE_FE_83,WE_FE_83#2,26854.50411627709,26855.50411627709,26883.742920843928,1.0,28.238804566837402,PROCESS
83ca5be87dae,Lot_Product_3_67,Product_3,Route_Product_3,194,223_Wet_Etch,WE_FE_84,WE_FE_84#10,26859.82932972136,26860.82932972136,26888.819846186554,1.0,27.990516465192314,PROCESS
83ca5be87dae,Lot_Product_4_159,Product_4,Route_Product_4,13,013_Wet_Etch,WE_FE_84,WE_FE_84#4,26883.742920843928,26884.742920843928,26910.349788501,1.0,25.6068676570726,PROCESS
83ca5be87dae,Lot_Product_3_162,Product_3,Route_Product_3,137,146_Litho_Met,Litho_REG_FE_64,LithoTrack_FE_115#21,26820.0,26820.0,26937.910988793934,0.0,117.91098879393336,PROCESS
83ca5be87dae,Lot_Product_3_249,Product_3,Route_Product_3,46,051_Wet_Etch,WE_FE_108,DE_FE_86#123,26820.0,26820.0,26938.98969126044,0.0,118.9896912604429,PROCESS
