run_id,lot_id,product,route_id,step_seq,step_name,tool_group,tool_id,arrive_time,start_time,end_time,queue_time,process_time,event_type
ac2ac54e357b,Lot_Product_4_127,Product_4,Route_Product_4,99,112_Wet_Etch,WE_FE_108,WE_FE_108#17,26820.0,26823.0,26852.462737228692,3.0,29.46273722869215,PROCESS
ac2ac54e357b,Lot_Product_4_85,Product_4,Route_Product_4,113,126_Implant,Implant_128,Implant_128#2,26820.0,26821.0,26856.191604825064,1.0,35.19160482506363,PROCESS
ac2ac54e357b,Lot_Product_4_159,Product_4,Route_Product_4,11,011_Wet_Etch,WE_FE_108,WE_FE_108#2,26820.0,26829.0,26857.577261401915,9.0,28.577261401915187,PROCESS
ac2ac54e357b,Lot_Product_3_67,Product_3,Route_Product_3,193,222_Implant,Implant_91,Implant_91#5,26820.0,26833.0,26859.902294280422,13.0,26.902294280421827,PROCESS
ac2ac54e357b,Lot_Product_4_159,Product_4,Route_Product_4,12,012_Wet_Etch,WE_FE_83,WE_FE_83#2,26857.577261401915,26858.577261401915,26885.593522322815,1.0,27.01626092090185,PROCESS
ac2ac54e357b,Lot_Product_3_67,Product_3,Route_Product_3,194,223_Wet_Etch,WE_FE_84,WE_FE_84#10,26859.902294280422,26860.902294280422,26887.796511394783,1.0,26.894217114359392,PROCESS
ac2ac54e357b,Lot_Product_4_159,Product_4,Route_Product_4,13,013_Wet_Etch,WE_FE_84,WE_FE_84#4,26885.593522322815,26886.593522322815,26912.15670149657,1.0,25.56317917375158,PROCESS
ac2ac54e357b,Lot_Product_3_162,Product_3,Route_Product_3,137,146_Litho_Met,Litho_REG_FE_64,LithoTrack_FE_115#21,26820.0,26820.0,26937.910988793934,0.0,117.91098879393336,PROCESS
ac2ac54e357b,Lot_Product_3_249,Product_3,Route_Product_3,46,051_Wet_Etch,WE_FE_108,DE_FE_86#123,26820.0,26820.0,26938.98969126044,0.0,118.9896912604429,PROCESS
