run_id,lot_id,product,route_id,step_seq,step_name,tool_group,tool_id,arrive_time,start_time,end_time,queue_time,process_time,event_type
55e8f26b5dd8,Lot_Product_4_85,Product_4,Route_Product_4,113,126_Implant,Implant_128,Implant_128#2,26820.0,26821.0,26853.024487408857,1.0,32.024487408855435,PROCESS
55e8f26b5dd8,Lot_Product_4_127,Product_4,Route_Product_4,99,112_Wet_Etch,WE_FE_108,WE_FE_108#17,26820.0,26823.0,26853.08941906455,3.0,30.089419064549645,PROCESS
55e8f26b5dd8,Lot_Product_4_159,Product_4,Route_Product_4,11,011_Wet_Etch,WE_FE_108,WE_FE_108#2,26820.0,26829.0,26857.194339122656,9.0,28.19433912265464,PROCESS
55e8f26b5dd8,Lot_Product_3_67,Product_3,Route_Product_3,193,222_Implant,Implant_91,Implant_91#5,26820.0,26833.0,26860.344861492267,13.0,27.34486149226713,PROCESS
55e8f26b5dd8,Lot_Product_4_159,Product_4,Route_Product_4,12,012_Wet_Etch,WE_FE_83,WE_FE_83#2,26857.194339122656,26858.194339122656,26887.739911806264,1.0,29.545572683607944,PROCESS
55e8f26b5dd8,Lot_Product_3_67,Product_3,Route_Product_3,194,223_Wet_Etch,WE_FE_84,WE_FE_84#10,26860.344861492267,26861.344861492267,26888.513215524647,1.0,27.168354032380464,PROCESS
55e8f26b5dd8,Lot_Product_4_159,Product_4,Route_Product_4,13,013_Wet_Etch,WE_FE_84,WE_FE_84#4,26887.739911806264,26888.739911806264,26913.14298111228,1.0,24.40306930601824,PROCESS
55e8f26b5dd8,Lot_Product_3_162,Product_3,Route_Product_3,137,146_Litho_Met,Litho_REG_FE_64,LithoTrack_FE_115#21,26820.0,26820.0,26937.910988793934,0.0,117.91098879393336,PROCESS
55e8f26b5dd8,Lot_Product_3_249,Product_3,Route_Product_3,46,051_Wet_Etch,WE_FE_108,DE_FE_86#123,26820.0,26820.0,26938.98969126044,0.0,118.9896912604429,PROCESS
